kotlin_function,swift_reference
app/src/main/java/com/example/umind/MainActivity.kt:64:onCreate,swift_port/UMindSwift/Sources/UMindSwift/AppAdapters.swift:8
app/src/main/java/com/example/umind/MainActivity.kt:91:requestNotificationPermission,swift_port/UMindSwift/Sources/UMindSwift/AppAdapters.swift:14
app/src/main/java/com/example/umind/MainActivity.kt:114:checkBatteryOptimization,swift_port/UMindSwift/Sources/UMindSwift/AppAdapters.swift:18
app/src/main/java/com/example/umind/MainActivity.kt:126:onResume,swift_port/UMindSwift/Sources/UMindSwift/AppAdapters.swift:22
app/src/main/java/com/example/umind/MainActivity.kt:132:checkAccessibilityService,swift_port/UMindSwift/Sources/UMindSwift/AppAdapters.swift:26
app/src/main/java/com/example/umind/MainActivity.kt:143:MainScreen,swift_port/UMindSwift/Sources/UMindSwift/AppAdapters.swift:34
app/src/main/java/com/example/umind/receiver/BootReceiver.kt:23:onReceive,swift_port/UMindSwift/Sources/UMindSwift/AppAdapters.swift:59
app/src/main/java/com/example/umind/receiver/BootReceiver.kt:38:sendNotification,swift_port/UMindSwift/Sources/UMindSwift/AppAdapters.swift:72
app/src/main/java/com/example/umind/util/FocusModeCountdownManager.kt:46:createNotificationChannel,swift_port/UMindSwift/Sources/UMindSwift/Utilities.swift:256
app/src/main/java/com/example/umind/util/FocusModeCountdownManager.kt:62:startMonitoring,swift_port/UMindSwift/Sources/UMindSwift/Utilities.swift:260
app/src/main/java/com/example/umind/util/FocusModeCountdownManager.kt:76:checkCountdown,swift_port/UMindSwift/Sources/UMindSwift/Utilities.swift:270
app/src/main/java/com/example/umind/util/FocusModeCountdownManager.kt:111:showCountdownFinishedNotification,swift_port/UMindSwift/Sources/UMindSwift/Utilities.swift:289
app/src/main/java/com/example/umind/util/FocusModeCountdownManager.kt:128:stop,swift_port/UMindSwift/Sources/UMindSwift/Utilities.swift:293
app/src/main/java/com/example/umind/util/AccessibilityUtil.kt:16:isAccessibilityServiceEnabled,swift_port/UMindSwift/Sources/UMindSwift/Utilities.swift:35
app/src/main/java/com/example/umind/util/AccessibilityUtil.kt:40:openAccessibilitySettings,swift_port/UMindSwift/Sources/UMindSwift/Utilities.swift:40
app/src/main/java/com/example/umind/domain/usecase/GetUsageTrendUseCase.kt:11:invoke,swift_port/UMindSwift/Sources/UMindSwift/UseCases.swift:10
app/src/main/java/com/example/umind/FocusApplication.kt:24:onCreate,swift_port/UMindSwift/Sources/UMindSwift/AppAdapters.swift:8
app/src/main/java/com/example/umind/data/local/dao/BlockEventDao.kt:14:insertBlockEvent,swift_port/UMindSwift/Sources/UMindSwift/DataAccess.swift:113
app/src/main/java/com/example/umind/data/local/dao/BlockEventDao.kt:20:getAllBlockEventsFlow,swift_port/UMindSwift/Sources/UMindSwift/DataAccess.swift:114
app/src/main/java/com/example/umind/data/local/dao/BlockEventDao.kt:26:getBlockEventsForPackage,swift_port/UMindSwift/Sources/UMindSwift/DataAccess.swift:115
app/src/main/java/com/example/umind/data/local/dao/BlockEventDao.kt:32:getBlockEventsInRange,swift_port/UMindSwift/Sources/UMindSwift/DataAccess.swift:116
app/src/main/java/com/example/umind/data/local/dao/BlockEventDao.kt:38:getTodayBlockEvents,swift_port/UMindSwift/Sources/UMindSwift/DataAccess.swift:117
app/src/main/java/com/example/umind/data/local/dao/BlockEventDao.kt:44:getTodayBlockEventsFlow,swift_port/UMindSwift/Sources/UMindSwift/DataAccess.swift:118
app/src/main/java/com/example/umind/data/local/dao/BlockEventDao.kt:50:getBlockEventsBySource,swift_port/UMindSwift/Sources/UMindSwift/DataAccess.swift:119
app/src/main/java/com/example/umind/data/local/dao/BlockEventDao.kt:56:getTodayBlockCount,swift_port/UMindSwift/Sources/UMindSwift/DataAccess.swift:120
app/src/main/java/com/example/umind/data/local/dao/BlockEventDao.kt:62:getTodayBlockCountForPackage,swift_port/UMindSwift/Sources/UMindSwift/DataAccess.swift:121
app/src/main/java/com/example/umind/data/local/dao/BlockEventDao.kt:68:deleteBlockEventsBefore,swift_port/UMindSwift/Sources/UMindSwift/DataAccess.swift:122
app/src/main/java/com/example/umind/data/local/dao/BlockEventDao.kt:74:deleteAllBlockEvents,swift_port/UMindSwift/Sources/UMindSwift/DataAccess.swift:123
app/src/main/java/com/example/umind/util/UsageNotificationManager.kt:60:createNotificationChannel,swift_port/UMindSwift/Sources/UMindSwift/Utilities.swift:256
app/src/main/java/com/example/umind/util/UsageNotificationManager.kt:87:startCountdownNotification,swift_port/UMindSwift/Sources/UMindSwift/Utilities.swift:471
app/src/main/java/com/example/umind/util/UsageNotificationManager.kt:153:showOrUpdateNotification,swift_port/UMindSwift/Sources/UMindSwift/Utilities.swift:514
app/src/main/java/com/example/umind/util/UsageNotificationManager.kt:208:updateNotification,swift_port/UMindSwift/Sources/UMindSwift/Utilities.swift:526
app/src/main/java/com/example/umind/util/UsageNotificationManager.kt:274:pauseNotification,swift_port/UMindSwift/Sources/UMindSwift/Utilities.swift:540
app/src/main/java/com/example/umind/util/UsageNotificationManager.kt:285:cancelNotification,swift_port/UMindSwift/Sources/UMindSwift/Utilities.swift:545
app/src/main/java/com/example/umind/util/UsageNotificationManager.kt:304:cancelAllNotifications,swift_port/UMindSwift/Sources/UMindSwift/Utilities.swift:552
app/src/main/java/com/example/umind/util/UsageNotificationManager.kt:324:buildContentText,swift_port/UMindSwift/Sources/UMindSwift/Utilities.swift:559
app/src/main/java/com/example/umind/util/UsageNotificationManager.kt:350:areNotificationsEnabled,swift_port/UMindSwift/Sources/UMindSwift/AppAdapters.swift:153
app/src/main/java/com/example/umind/domain/usecase/DeleteFocusStrategyUseCase.kt:13:invoke,swift_port/UMindSwift/Sources/UMindSwift/UseCases.swift:10
app/src/main/java/com/example/umind/presentation/stats/StatsViewModel.kt:33:loadStats,swift_port/UMindSwift/Sources/UMindSwift/ViewModels.swift:448
app/src/main/java/com/example/umind/presentation/stats/StatsViewModel.kt:56:selectDate,swift_port/UMindSwift/Sources/UMindSwift/ViewModels.swift:461
app/src/main/java/com/example/umind/presentation/stats/StatsViewModel.kt:61:refresh,swift_port/UMindSwift/Sources/UMindSwift/ViewModels.swift:466
app/src/main/java/com/example/umind/domain/usecase/ToggleStrategyActiveUseCase.kt:13:invoke,swift_port/UMindSwift/Sources/UMindSwift/UseCases.swift:10
app/src/main/java/com/example/umind/util/MiuiDeviceHelper.kt:21:isMiuiDevice,swift_port/UMindSwift/Sources/UMindSwift/Utilities.swift:84
app/src/main/java/com/example/umind/util/MiuiDeviceHelper.kt:32:getMiuiVersion,swift_port/UMindSwift/Sources/UMindSwift/Utilities.swift:89
app/src/main/java/com/example/umind/util/MiuiDeviceHelper.kt:39:hasSystemProperty,swift_port/UMindSwift/Sources/UMindSwift/Utilities.swift:93
app/src/main/java/com/example/umind/util/MiuiDeviceHelper.kt:46:getSystemProperty,swift_port/UMindSwift/Sources/UMindSwift/Utilities.swift:97
app/src/main/java/com/example/umind/util/MiuiDeviceHelper.kt:59:openMiuiAutoStartSettings,swift_port/UMindSwift/Sources/UMindSwift/Utilities.swift:104
app/src/main/java/com/example/umind/util/MiuiDeviceHelper.kt:80:openMiuiBatterySaverSettings,swift_port/UMindSwift/Sources/UMindSwift/Utilities.swift:109
app/src/main/java/com/example/umind/util/MiuiDeviceHelper.kt:104:openMiuiBatterySaverSettingsAlternative,swift_port/UMindSwift/Sources/UMindSwift/Utilities.swift:114
app/src/main/java/com/example/umind/util/MiuiDeviceHelper.kt:125:openMiuiBackgroundPopupSettings,swift_port/UMindSwift/Sources/UMindSwift/Utilities.swift:119
app/src/main/java/com/example/umind/util/MiuiDeviceHelper.kt:147:openAppDetailsSettings,swift_port/UMindSwift/Sources/UMindSwift/Utilities.swift:124
app/src/main/java/com/example/umind/util/MiuiDeviceHelper.kt:165:getMiuiSetupGuide,swift_port/UMindSwift/Sources/UMindSwift/Utilities.swift:128
app/src/main/java/com/example/umind/util/BatteryOptimizationHelper.kt:23:isIgnoringBatteryOptimizations,swift_port/UMindSwift/Sources/UMindSwift/Utilities.swift:51
app/src/main/java/com/example/umind/util/BatteryOptimizationHelper.kt:38:requestIgnoreBatteryOptimizations,swift_port/UMindSwift/Sources/UMindSwift/Utilities.swift:55
app/src/main/java/com/example/umind/util/BatteryOptimizationHelper.kt:58:openBatteryOptimizationSettings,swift_port/UMindSwift/Sources/UMindSwift/Utilities.swift:59
app/src/main/java/com/example/umind/util/BatteryOptimizationHelper.kt:71:getBatteryOptimizationStatusText,swift_port/UMindSwift/Sources/UMindSwift/Utilities.swift:63
app/src/main/java/com/example/umind/domain/usecase/GetFocusStrategiesUseCase.kt:15:invoke,swift_port/UMindSwift/Sources/UMindSwift/UseCases.swift:10
app/src/main/java/com/example/umind/domain/usecase/GetFocusStrategiesUseCase.kt:19:execute,swift_port/UMindSwift/Sources/UMindSwift/UseCases.swift:14
app/src/main/java/com/example/umind/data/local/dao/FocusStrategyDao.kt:13:getAllStrategiesFlow,swift_port/UMindSwift/Sources/UMindSwift/DataAccess.swift:51
app/src/main/java/com/example/umind/data/local/dao/FocusStrategyDao.kt:16:getAllStrategies,swift_port/UMindSwift/Sources/UMindSwift/DataAccess.swift:52
app/src/main/java/com/example/umind/data/local/dao/FocusStrategyDao.kt:19:getStrategyById,swift_port/UMindSwift/Sources/UMindSwift/DataAccess.swift:53
app/src/main/java/com/example/umind/data/local/dao/FocusStrategyDao.kt:22:getActiveStrategy,swift_port/UMindSwift/Sources/UMindSwift/DataAccess.swift:54
app/src/main/java/com/example/umind/data/local/dao/FocusStrategyDao.kt:25:insertStrategy,swift_port/UMindSwift/Sources/UMindSwift/DataAccess.swift:55
app/src/main/java/com/example/umind/data/local/dao/FocusStrategyDao.kt:28:updateStrategy,swift_port/UMindSwift/Sources/UMindSwift/DataAccess.swift:56
app/src/main/java/com/example/umind/data/local/dao/FocusStrategyDao.kt:31:deleteStrategy,swift_port/UMindSwift/Sources/UMindSwift/ViewModels.swift:290
app/src/main/java/com/example/umind/data/local/dao/FocusStrategyDao.kt:34:deactivateAllStrategies,swift_port/UMindSwift/Sources/UMindSwift/DataAccess.swift:58
app/src/main/java/com/example/umind/data/local/dao/FocusStrategyDao.kt:37:setStrategyActive,swift_port/UMindSwift/Sources/UMindSwift/DataAccess.swift:59
app/src/main/java/com/example/umind/data/local/dao/FocusStrategyDao.kt:40:setStrategyActiveExclusive,swift_port/UMindSwift/Sources/UMindSwift/DataAccess.swift:60
app/src/main/java/com/example/umind/presentation/focusmode/FocusModeViewModel.kt:56:loadInstalledApps,swift_port/UMindSwift/Sources/UMindSwift/ViewModels.swift:391
app/src/main/java/com/example/umind/presentation/focusmode/FocusModeViewModel.kt:73:toggleFocusMode,swift_port/UMindSwift/Sources/UMindSwift/ViewModels.swift:401
app/src/main/java/com/example/umind/presentation/focusmode/FocusModeViewModel.kt:79:startCountdown,swift_port/UMindSwift/Sources/UMindSwift/ViewModels.swift:405
app/src/main/java/com/example/umind/presentation/focusmode/FocusModeViewModel.kt:85:setScheduledMode,swift_port/UMindSwift/Sources/UMindSwift/ViewModels.swift:409
app/src/main/java/com/example/umind/presentation/focusmode/FocusModeViewModel.kt:91:updateScheduledTimeRanges,swift_port/UMindSwift/Sources/UMindSwift/ViewModels.swift:413
app/src/main/java/com/example/umind/presentation/focusmode/FocusModeViewModel.kt:97:stopFocusMode,swift_port/UMindSwift/Sources/UMindSwift/ViewModels.swift:417
app/src/main/java/com/example/umind/presentation/focusmode/FocusModeViewModel.kt:103:addToWhitelist,swift_port/UMindSwift/Sources/UMindSwift/ViewModels.swift:421
app/src/main/java/com/example/umind/presentation/focusmode/FocusModeViewModel.kt:109:removeFromWhitelist,swift_port/UMindSwift/Sources/UMindSwift/ViewModels.swift:425
app/src/main/java/com/example/umind/util/FocusModeNotificationManager.kt:50:createNotificationChannel,swift_port/UMindSwift/Sources/UMindSwift/Utilities.swift:256
app/src/main/java/com/example/umind/util/FocusModeNotificationManager.kt:71:startNotification,swift_port/UMindSwift/Sources/UMindSwift/Utilities.swift:600
app/src/main/java/com/example/umind/util/FocusModeNotificationManager.kt:89:updateNotification,swift_port/UMindSwift/Sources/UMindSwift/Utilities.swift:526
app/src/main/java/com/example/umind/util/FocusModeNotificationManager.kt:164:stopNotification,swift_port/UMindSwift/Sources/UMindSwift/Utilities.swift:635
app/src/main/java/com/example/umind/util/FocusModeNotificationManager.kt:174:areNotificationsEnabled,swift_port/UMindSwift/Sources/UMindSwift/AppAdapters.swift:153
app/src/main/java/com/example/umind/domain/usecase/GetInstalledAppsUseCase.kt:14:invoke,swift_port/UMindSwift/Sources/UMindSwift/UseCases.swift:10
app/src/main/java/com/example/umind/BlockAccessibilityService.kt:146:openAccessibilitySettingsIntent,swift_port/UMindSwift/Sources/UMindSwift/AppAdapters.swift:120
app/src/main/java/com/example/umind/BlockAccessibilityService.kt:149:onServiceConnected,swift_port/UMindSwift/Sources/UMindSwift/AppAdapters.swift:124
app/src/main/java/com/example/umind/BlockAccessibilityService.kt:177:showTestNotification,swift_port/UMindSwift/Sources/UMindSwift/AppAdapters.swift:131
app/src/main/java/com/example/umind/BlockAccessibilityService.kt:206:startFocusModeNotificationMonitor,swift_port/UMindSwift/Sources/UMindSwift/AppAdapters.swift:137
app/src/main/java/com/example/umind/BlockAccessibilityService.kt:225:createForegroundNotificationChannel,swift_port/UMindSwift/Sources/UMindSwift/AppAdapters.swift:149
app/src/main/java/com/example/umind/BlockAccessibilityService.kt:246:startForegroundService,swift_port/UMindSwift/Sources/UMindSwift/AppAdapters.swift:151
app/src/main/java/com/example/umind/BlockAccessibilityService.kt:284:areNotificationsEnabled,swift_port/UMindSwift/Sources/UMindSwift/AppAdapters.swift:153
app/src/main/java/com/example/umind/BlockAccessibilityService.kt:309:onAccessibilityEvent,swift_port/UMindSwift/Sources/UMindSwift/AppAdapters.swift:157
app/src/main/java/com/example/umind/BlockAccessibilityService.kt:454:trackAppSwitch,swift_port/UMindSwift/Sources/UMindSwift/AppAdapters.swift:194
app/src/main/java/com/example/umind/BlockAccessibilityService.kt:608:showFocusModeBlockDialog,swift_port/UMindSwift/Sources/UMindSwift/AppAdapters.swift:259
app/src/main/java/com/example/umind/BlockAccessibilityService.kt:721:showBlockDialog,swift_port/UMindSwift/Sources/UMindSwift/AppAdapters.swift:264
app/src/main/java/com/example/umind/BlockAccessibilityService.kt:860:showTimeUpDialog,swift_port/UMindSwift/Sources/UMindSwift/AppAdapters.swift:274
app/src/main/java/com/example/umind/BlockAccessibilityService.kt:962:dismissBlockDialog,swift_port/UMindSwift/Sources/UMindSwift/AppAdapters.swift:280
app/src/main/java/com/example/umind/BlockAccessibilityService.kt:973:onInterrupt,swift_port/UMindSwift/Sources/UMindSwift/AppAdapters.swift:284
app/src/main/java/com/example/umind/BlockAccessibilityService.kt:981:isSystemWhitelistedApp,swift_port/UMindSwift/Sources/UMindSwift/BlockingEngine.swift:60
app/src/main/java/com/example/umind/BlockAccessibilityService.kt:1014:onDestroy,swift_port/UMindSwift/Sources/UMindSwift/AppAdapters.swift:293
app/src/main/java/com/example/umind/data/local/dao/TemporaryUsageDao.kt:10:getActiveTemporaryUsage,swift_port/UMindSwift/Sources/UMindSwift/DataAccess.swift:90
app/src/main/java/com/example/umind/data/local/dao/TemporaryUsageDao.kt:13:getActiveTemporaryUsageFlow,swift_port/UMindSwift/Sources/UMindSwift/DataAccess.swift:91
app/src/main/java/com/example/umind/data/local/dao/TemporaryUsageDao.kt:16:getAllTemporaryUsages,swift_port/UMindSwift/Sources/UMindSwift/DataAccess.swift:92
app/src/main/java/com/example/umind/data/local/dao/TemporaryUsageDao.kt:19:getTemporaryUsagesForPackage,swift_port/UMindSwift/Sources/UMindSwift/DataAccess.swift:93
app/src/main/java/com/example/umind/data/local/dao/TemporaryUsageDao.kt:22:insertTemporaryUsage,swift_port/UMindSwift/Sources/UMindSwift/DataAccess.swift:94
app/src/main/java/com/example/umind/data/local/dao/TemporaryUsageDao.kt:25:updateTemporaryUsage,swift_port/UMindSwift/Sources/UMindSwift/DataAccess.swift:95
app/src/main/java/com/example/umind/data/local/dao/TemporaryUsageDao.kt:28:deactivateTemporaryUsage,swift_port/UMindSwift/Sources/UMindSwift/DataAccess.swift:96
app/src/main/java/com/example/umind/data/local/dao/TemporaryUsageDao.kt:31:deactivateExpiredUsages,swift_port/UMindSwift/Sources/UMindSwift/DataAccess.swift:97
app/src/main/java/com/example/umind/data/local/dao/TemporaryUsageDao.kt:34:deleteOldRecords,swift_port/UMindSwift/Sources/UMindSwift/DataAccess.swift:79
app/src/main/java/com/example/umind/presentation/stats/components/UsageTrendChart.kt:24:UsageTrendChart,swift_port/UMindSwift/Sources/UMindSwift/UIParity.swift:10
app/src/main/java/com/example/umind/presentation/stats/components/UsageTrendChart.kt:86:TrendBar,swift_port/UMindSwift/Sources/UMindSwift/UIParity.swift:13
app/src/main/java/com/example/umind/util/UsageCountdownManager.kt:56:startCountdown,swift_port/UMindSwift/Sources/UMindSwift/ViewModels.swift:405
app/src/main/java/com/example/umind/util/UsageCountdownManager.kt:144:pauseCountdown,swift_port/UMindSwift/Sources/UMindSwift/Utilities.swift:378
app/src/main/java/com/example/umind/util/UsageCountdownManager.kt:181:resumeCountdown,swift_port/UMindSwift/Sources/UMindSwift/Utilities.swift:394
app/src/main/java/com/example/umind/util/UsageCountdownManager.kt:206:stopCountdown,swift_port/UMindSwift/Sources/UMindSwift/Utilities.swift:401
app/src/main/java/com/example/umind/util/UsageCountdownManager.kt:234:getRemainingTime,swift_port/UMindSwift/Sources/UMindSwift/Utilities.swift:419
app/src/main/java/com/example/umind/util/UsageCountdownManager.kt:247:getRemainingTime,swift_port/UMindSwift/Sources/UMindSwift/Utilities.swift:419
app/src/main/java/com/example/umind/util/UsageCountdownManager.kt:255:getRemainingMillis,swift_port/UMindSwift/Sources/UMindSwift/Utilities.swift:430
app/src/main/java/com/example/umind/util/UsageCountdownManager.kt:262:isRunning,swift_port/UMindSwift/Sources/UMindSwift/Utilities.swift:434
app/src/main/java/com/example/umind/util/UsageCountdownManager.kt:269:hasCountdown,swift_port/UMindSwift/Sources/UMindSwift/Utilities.swift:438
app/src/main/java/com/example/umind/util/UsageCountdownManager.kt:276:cleanup,swift_port/UMindSwift/Sources/UMindSwift/Utilities.swift:442
app/src/main/java/com/example/umind/ui/theme/Theme.kt:74:FocusTheme,swift_port/UMindSwift/Sources/UMindSwift/UIParity.swift:3
app/src/main/java/com/example/umind/domain/usecase/SaveFocusStrategyUseCase.kt:14:invoke,swift_port/UMindSwift/Sources/UMindSwift/UseCases.swift:10
app/src/main/java/com/example/umind/presentation/stats/components/AppUsageRankingList.kt:21:AppUsageRankingList,swift_port/UMindSwift/Sources/UMindSwift/UIParity.swift:11
app/src/main/java/com/example/umind/presentation/stats/components/AppUsageRankingList.kt:74:AppUsageItem,swift_port/UMindSwift/Sources/UMindSwift/UIParity.swift:14
app/src/main/java/com/example/umind/presentation/focusmode/FocusModeScreen.kt:48:FocusModeScreen,swift_port/UMindSwift/Sources/UMindSwift/UIParity.swift:18
app/src/main/java/com/example/umind/presentation/focusmode/FocusModeScreen.kt:138:PomoTab,swift_port/UMindSwift/Sources/UMindSwift/UIParity.swift:19
app/src/main/java/com/example/umind/presentation/focusmode/FocusModeScreen.kt:262:PresetDurationButton,swift_port/UMindSwift/Sources/UMindSwift/UIParity.swift:20
app/src/main/java/com/example/umind/presentation/focusmode/FocusModeScreen.kt:298:StopwatchTab,swift_port/UMindSwift/Sources/UMindSwift/UIParity.swift:21
app/src/main/java/com/example/umind/presentation/focusmode/FocusModeScreen.kt:362:PomodoroTimer,swift_port/UMindSwift/Sources/UMindSwift/UIParity.swift:22
app/src/main/java/com/example/umind/presentation/focusmode/FocusModeScreen.kt:426:CircularProgressIndicator,swift_port/UMindSwift/Sources/UMindSwift/UIParity.swift:23
app/src/main/java/com/example/umind/presentation/focusmode/FocusModeScreen.kt:510:FocusModeSettingsDialog,swift_port/UMindSwift/Sources/UMindSwift/UIParity.swift:24
app/src/main/java/com/example/umind/presentation/focusmode/FocusModeScreen.kt:619:WhitelistAppItem,swift_port/UMindSwift/Sources/UMindSwift/UIParity.swift:25
app/src/main/java/com/example/umind/data/local/dao/UsageRecordDao.kt:11:getUsageRecord,swift_port/UMindSwift/Sources/UMindSwift/DataAccess.swift:73
app/src/main/java/com/example/umind/data/local/dao/UsageRecordDao.kt:14:getUsageRecordFlow,swift_port/UMindSwift/Sources/UMindSwift/DataAccess.swift:74
app/src/main/java/com/example/umind/data/local/dao/UsageRecordDao.kt:17:getUsageRecordsForDate,swift_port/UMindSwift/Sources/UMindSwift/DataAccess.swift:75
app/src/main/java/com/example/umind/data/local/dao/UsageRecordDao.kt:20:getUsageRecordsInRange,swift_port/UMindSwift/Sources/UMindSwift/DataAccess.swift:76
app/src/main/java/com/example/umind/data/local/dao/UsageRecordDao.kt:23:insertUsageRecord,swift_port/UMindSwift/Sources/UMindSwift/DataAccess.swift:77
app/src/main/java/com/example/umind/data/local/dao/UsageRecordDao.kt:26:updateUsageRecord,swift_port/UMindSwift/Sources/UMindSwift/DataAccess.swift:78
app/src/main/java/com/example/umind/data/local/dao/UsageRecordDao.kt:29:deleteOldRecords,swift_port/UMindSwift/Sources/UMindSwift/DataAccess.swift:79
app/src/main/java/com/example/umind/data/local/dao/UsageRecordDao.kt:32:deleteRecordsForPackage,swift_port/UMindSwift/Sources/UMindSwift/DataAccess.swift:80
app/src/main/java/com/example/umind/data/local/dao/UsageRecordDao.kt:35:getUsageRecordsForDateFlow,swift_port/UMindSwift/Sources/UMindSwift/DataAccess.swift:81
app/src/main/java/com/example/umind/data/local/dao/UsageRecordDao.kt:38:getTotalUsageDurationForDate,swift_port/UMindSwift/Sources/UMindSwift/DataAccess.swift:82
app/src/main/java/com/example/umind/data/local/dao/UsageRecordDao.kt:41:getTotalOpenCountForDate,swift_port/UMindSwift/Sources/UMindSwift/DataAccess.swift:83
app/src/main/java/com/example/umind/data/local/dao/UsageRecordDao.kt:44:getUsageRecordsInRangeFlow,swift_port/UMindSwift/Sources/UMindSwift/DataAccess.swift:84
app/src/main/java/com/example/umind/data/local/dao/UsageRecordDao.kt:47:deleteAllRecords,swift_port/UMindSwift/Sources/UMindSwift/DataAccess.swift:85
app/src/main/java/com/example/umind/data/local/dao/UsageRecordDao.kt:50:deleteRecordsForDate,swift_port/UMindSwift/Sources/UMindSwift/DataAccess.swift:86
app/src/main/java/com/example/umind/presentation/stats/components/StatsOverviewCard.kt:17:StatsOverviewCard,swift_port/UMindSwift/Sources/UMindSwift/UIParity.swift:12
app/src/main/java/com/example/umind/presentation/stats/components/StatsOverviewCard.kt:68:StatItem,swift_port/UMindSwift/Sources/UMindSwift/UIParity.swift:15
app/src/main/java/com/example/umind/data/repository/FocusModeRepository.kt:23:getFocusMode,swift_port/UMindSwift/Sources/UMindSwift/DataAccess.swift:64
app/src/main/java/com/example/umind/data/repository/FocusModeRepository.kt:32:getFocusModeOnce,swift_port/UMindSwift/Sources/UMindSwift/DataAccess.swift:65
app/src/main/java/com/example/umind/data/repository/FocusModeRepository.kt:39:toggleFocusMode,swift_port/UMindSwift/Sources/UMindSwift/ViewModels.swift:401
app/src/main/java/com/example/umind/data/repository/FocusModeRepository.kt:63:startCountdown,swift_port/UMindSwift/Sources/UMindSwift/ViewModels.swift:405
app/src/main/java/com/example/umind/data/repository/FocusModeRepository.kt:89:setScheduledMode,swift_port/UMindSwift/Sources/UMindSwift/ViewModels.swift:409
app/src/main/java/com/example/umind/data/repository/FocusModeRepository.kt:115:updateScheduledTimeRanges,swift_port/UMindSwift/Sources/UMindSwift/ViewModels.swift:413
app/src/main/java/com/example/umind/data/repository/FocusModeRepository.kt:136:stopFocusMode,swift_port/UMindSwift/Sources/UMindSwift/ViewModels.swift:417
app/src/main/java/com/example/umind/data/repository/FocusModeRepository.kt:151:updateWhitelist,swift_port/UMindSwift/Sources/UMindSwift/DataAccess.swift:69
app/src/main/java/com/example/umind/data/repository/FocusModeRepository.kt:172:addToWhitelist,swift_port/UMindSwift/Sources/UMindSwift/ViewModels.swift:421
app/src/main/java/com/example/umind/data/repository/FocusModeRepository.kt:181:removeFromWhitelist,swift_port/UMindSwift/Sources/UMindSwift/ViewModels.swift:425
app/src/main/java/com/example/umind/data/repository/FocusModeRepository.kt:187:FocusModeEntity.toDomainModel,swift_port/UMindSwift/Sources/UMindSwift/DataEntities.swift:39
app/src/main/java/com/example/umind/domain/usecase/GetDailyStatsUseCase.kt:14:invoke,swift_port/UMindSwift/Sources/UMindSwift/UseCases.swift:10
app/src/main/java/com/example/umind/di/DatabaseModule.kt:24:provideFocusDatabase,swift_port/UMindSwift/Sources/UMindSwift/Modules.swift:4
app/src/main/java/com/example/umind/di/DatabaseModule.kt:38:provideFocusStrategyDao,swift_port/UMindSwift/Sources/UMindSwift/Modules.swift:8
app/src/main/java/com/example/umind/di/DatabaseModule.kt:44:provideFocusModeDao,swift_port/UMindSwift/Sources/UMindSwift/Modules.swift:12
app/src/main/java/com/example/umind/di/DatabaseModule.kt:50:provideUsageRecordDao,swift_port/UMindSwift/Sources/UMindSwift/Modules.swift:16
app/src/main/java/com/example/umind/di/DatabaseModule.kt:56:provideTemporaryUsageDao,swift_port/UMindSwift/Sources/UMindSwift/Modules.swift:20
app/src/main/java/com/example/umind/di/DatabaseModule.kt:62:provideUsageSessionDao,swift_port/UMindSwift/Sources/UMindSwift/Modules.swift:24
app/src/main/java/com/example/umind/di/DatabaseModule.kt:68:provideBlockEventDao,swift_port/UMindSwift/Sources/UMindSwift/Modules.swift:28
app/src/main/java/com/example/umind/di/DatabaseModule.kt:74:providePackageManager,swift_port/UMindSwift/Sources/UMindSwift/Modules.swift:32
app/src/main/java/com/example/umind/presentation/stats/StatsUtils.kt:9:formatDuration,swift_port/UMindSwift/Sources/UMindSwift/Utilities.swift:3
app/src/main/java/com/example/umind/presentation/stats/StatsUtils.kt:27:formatDurationShort,swift_port/UMindSwift/Sources/UMindSwift/Utilities.swift:20
app/src/main/java/com/example/umind/presentation/stats/StatsUtils.kt:38:getUsagePercentage,swift_port/UMindSwift/Sources/UMindSwift/Utilities.swift:29
app/src/main/java/com/example/umind/domain/model/EnforcementMode.kt:15:getDisplayName,swift_port/UMindSwift/Sources/UMindSwift/DomainModels.swift:198
app/src/main/java/com/example/umind/domain/model/EnforcementMode.kt:26:getDescription,swift_port/UMindSwift/Sources/UMindSwift/DomainModels.swift:206
app/src/main/java/com/example/umind/data/local/dao/UsageSessionDao.kt:14:insertSession,swift_port/UMindSwift/Sources/UMindSwift/DataAccess.swift:102
app/src/main/java/com/example/umind/data/local/dao/UsageSessionDao.kt:20:updateSession,swift_port/UMindSwift/Sources/UMindSwift/DataAccess.swift:103
app/src/main/java/com/example/umind/data/local/dao/UsageSessionDao.kt:26:getSessionsForRecord,swift_port/UMindSwift/Sources/UMindSwift/DataAccess.swift:104
app/src/main/java/com/example/umind/data/local/dao/UsageSessionDao.kt:32:getSessionsForPackage,swift_port/UMindSwift/Sources/UMindSwift/DataAccess.swift:105
app/src/main/java/com/example/umind/data/local/dao/UsageSessionDao.kt:38:getActiveSession,swift_port/UMindSwift/Sources/UMindSwift/DataAccess.swift:106
app/src/main/java/com/example/umind/data/local/dao/UsageSessionDao.kt:44:getSessionsInRange,swift_port/UMindSwift/Sources/UMindSwift/DataAccess.swift:107
app/src/main/java/com/example/umind/data/local/dao/UsageSessionDao.kt:50:deleteSessionsForPackage,swift_port/UMindSwift/Sources/UMindSwift/DataAccess.swift:108
app/src/main/java/com/example/umind/data/local/dao/UsageSessionDao.kt:56:deleteSessionsBefore,swift_port/UMindSwift/Sources/UMindSwift/DataAccess.swift:109
app/src/main/java/com/example/umind/data/repository/BlockEventRepository.kt:22:recordBlockEvent,swift_port/UMindSwift/Sources/UMindSwift/Repositories.swift:533
app/src/main/java/com/example/umind/data/repository/BlockEventRepository.kt:48:getTodayBlockEvents,swift_port/UMindSwift/Sources/UMindSwift/DataAccess.swift:117
app/src/main/java/com/example/umind/data/repository/BlockEventRepository.kt:59:getTodayBlockEventsFlow,swift_port/UMindSwift/Sources/UMindSwift/DataAccess.swift:118
app/src/main/java/com/example/umind/data/repository/BlockEventRepository.kt:70:getTodayBlockCount,swift_port/UMindSwift/Sources/UMindSwift/DataAccess.swift:120
app/src/main/java/com/example/umind/data/repository/BlockEventRepository.kt:81:getTodayBlockCountForPackage,swift_port/UMindSwift/Sources/UMindSwift/DataAccess.swift:121
app/src/main/java/com/example/umind/data/repository/BlockEventRepository.kt:92:getBlockEventsInRange,swift_port/UMindSwift/Sources/UMindSwift/DataAccess.swift:116
app/src/main/java/com/example/umind/data/repository/BlockEventRepository.kt:99:cleanupOldBlockEvents,swift_port/UMindSwift/Sources/UMindSwift/Repositories.swift:588
app/src/main/java/com/example/umind/data/repository/BlockEventRepository.kt:111:determineBlockSource,swift_port/UMindSwift/Sources/UMindSwift/Repositories.swift:593
app/src/main/java/com/example/umind/data/repository/BlockEventRepository.kt:121:serializeBlockReasons,swift_port/UMindSwift/Sources/UMindSwift/Repositories.swift:597
app/src/main/java/com/example/umind/di/RepositoryModule.kt:20:bindFocusRepository,swift_port/UMindSwift/Sources/UMindSwift/Modules.swift:38
app/src/main/java/com/example/umind/presentation/settings/SettingsViewModel.kt:22:loadTodayRecords,swift_port/UMindSwift/Sources/UMindSwift/ViewModels.swift:481
app/src/main/java/com/example/umind/presentation/settings/SettingsViewModel.kt:40:clearTodayRecords,swift_port/UMindSwift/Sources/UMindSwift/ViewModels.swift:487
app/src/main/java/com/example/umind/presentation/settings/SettingsViewModel.kt:58:clearAllRecords,swift_port/UMindSwift/Sources/UMindSwift/ViewModels.swift:493
app/src/main/java/com/example/umind/data/local/converter/Converters.kt:17:fromLocalDate,swift_port/UMindSwift/Sources/UMindSwift/Utilities.swift:194
app/src/main/java/com/example/umind/data/local/converter/Converters.kt:22:toLocalDate,swift_port/UMindSwift/Sources/UMindSwift/Utilities.swift:201
app/src/main/java/com/example/umind/data/local/converter/Converters.kt:27:fromStringSet,swift_port/UMindSwift/Sources/UMindSwift/Utilities.swift:208
app/src/main/java/com/example/umind/data/local/converter/Converters.kt:32:toStringSet,swift_port/UMindSwift/Sources/UMindSwift/Utilities.swift:212
app/src/main/java/com/example/umind/data/local/converter/Converters.kt:37:fromTimeRestrictionList,swift_port/UMindSwift/Sources/UMindSwift/Utilities.swift:217
app/src/main/java/com/example/umind/data/local/converter/Converters.kt:42:toTimeRestrictionList,swift_port/UMindSwift/Sources/UMindSwift/Utilities.swift:227
app/src/main/java/com/example/umind/data/local/converter/Converters.kt:49:fromFocusModeType,swift_port/UMindSwift/Sources/UMindSwift/Utilities.swift:236
app/src/main/java/com/example/umind/data/local/converter/Converters.kt:54:toFocusModeType,swift_port/UMindSwift/Sources/UMindSwift/Utilities.swift:240
app/src/main/java/com/example/umind/ui/components/TimePickerDialog.kt:23:TimePickerDialog,swift_port/UMindSwift/Sources/UMindSwift/UIParity.swift:51
app/src/main/java/com/example/umind/domain/model/TimeRestriction.kt:19:isWithinRestriction,swift_port/UMindSwift/Sources/UMindSwift/DomainModels.swift:68
app/src/main/java/com/example/umind/domain/model/TimeRestriction.kt:42:getTimeRangeString,swift_port/UMindSwift/Sources/UMindSwift/DomainModels.swift:94
app/src/main/java/com/example/umind/domain/model/TimeRestriction.kt:49:getDaysString,swift_port/UMindSwift/Sources/UMindSwift/DomainModels.swift:98
app/src/main/java/com/example/umind/presentation/stats/StatsScreen.kt:30:StatsScreen,swift_port/UMindSwift/Sources/UMindSwift/UIParity.swift:7
app/src/main/java/com/example/umind/presentation/stats/StatsScreen.kt:94:PermissionRequiredContent,swift_port/UMindSwift/Sources/UMindSwift/UIParity.swift:8
app/src/main/java/com/example/umind/presentation/stats/StatsScreen.kt:146:StatsContent,swift_port/UMindSwift/Sources/UMindSwift/UIParity.swift:9
app/src/main/java/com/example/umind/data/repository/TemporaryUsageRepository.kt:19:requestTemporaryUsage,swift_port/UMindSwift/Sources/UMindSwift/Repositories.swift:450
app/src/main/java/com/example/umind/data/repository/TemporaryUsageRepository.kt:47:getActiveTemporaryUsage,swift_port/UMindSwift/Sources/UMindSwift/DataAccess.swift:90
app/src/main/java/com/example/umind/data/repository/TemporaryUsageRepository.kt:55:getActiveTemporaryUsageFlow,swift_port/UMindSwift/Sources/UMindSwift/DataAccess.swift:91
app/src/main/java/com/example/umind/data/repository/TemporaryUsageRepository.kt:64:hasActiveTemporaryUsage,swift_port/UMindSwift/Sources/UMindSwift/Repositories.swift:500
app/src/main/java/com/example/umind/data/repository/TemporaryUsageRepository.kt:71:deactivateTemporaryUsage,swift_port/UMindSwift/Sources/UMindSwift/DataAccess.swift:96
app/src/main/java/com/example/umind/data/repository/TemporaryUsageRepository.kt:78:deactivateExpiredUsages,swift_port/UMindSwift/Sources/UMindSwift/DataAccess.swift:97
app/src/main/java/com/example/umind/data/repository/TemporaryUsageRepository.kt:86:getAllTemporaryUsages,swift_port/UMindSwift/Sources/UMindSwift/DataAccess.swift:92
app/src/main/java/com/example/umind/data/repository/TemporaryUsageRepository.kt:93:getTemporaryUsagesForPackage,swift_port/UMindSwift/Sources/UMindSwift/DataAccess.swift:93
app/src/main/java/com/example/umind/data/repository/TemporaryUsageRepository.kt:100:cleanupOldRecords,swift_port/UMindSwift/Sources/UMindSwift/Repositories.swift:397
app/src/main/java/com/example/umind/data/local/dao/FocusModeDao.kt:17:getFocusMode,swift_port/UMindSwift/Sources/UMindSwift/DataAccess.swift:64
app/src/main/java/com/example/umind/data/local/dao/FocusModeDao.kt:20:getFocusModeOnce,swift_port/UMindSwift/Sources/UMindSwift/DataAccess.swift:65
app/src/main/java/com/example/umind/data/local/dao/FocusModeDao.kt:23:insert,swift_port/UMindSwift/Sources/UMindSwift/DataAccess.swift:66
app/src/main/java/com/example/umind/data/local/dao/FocusModeDao.kt:26:update,swift_port/UMindSwift/Sources/UMindSwift/DataAccess.swift:67
app/src/main/java/com/example/umind/data/local/dao/FocusModeDao.kt:29:updateEnabled,swift_port/UMindSwift/Sources/UMindSwift/DataAccess.swift:68
app/src/main/java/com/example/umind/data/local/dao/FocusModeDao.kt:32:updateWhitelist,swift_port/UMindSwift/Sources/UMindSwift/DataAccess.swift:69
app/src/main/java/com/example/umind/data/local/converter/TimeRestrictionAdapter.kt:15:serialize,swift_port/UMindSwift/Sources/UMindSwift/Utilities.swift:142
app/src/main/java/com/example/umind/data/local/converter/TimeRestrictionAdapter.kt:28:deserialize,swift_port/UMindSwift/Sources/UMindSwift/Utilities.swift:159
app/src/main/java/com/example/umind/domain/model/FocusStrategy.kt:24:isWithinFocusTime,swift_port/UMindSwift/Sources/UMindSwift/DomainModels.swift:251
app/src/main/java/com/example/umind/domain/model/FocusStrategy.kt:34:hasRestrictions,swift_port/UMindSwift/Sources/UMindSwift/DomainModels.swift:256
app/src/main/java/com/example/umind/domain/model/FocusStrategy.kt:43:getRestrictionSummary,swift_port/UMindSwift/Sources/UMindSwift/DomainModels.swift:260
app/src/main/java/com/example/umind/presentation/settings/SettingsScreen.kt:33:SettingsScreen,swift_port/UMindSwift/Sources/UMindSwift/UIParity.swift:47
app/src/main/java/com/example/umind/presentation/settings/SettingsScreen.kt:51:checkPermissions,swift_port/UMindSwift/Sources/UMindSwift/UIParity.swift:49
app/src/main/java/com/example/umind/presentation/settings/SettingsScreen.kt:296:PermissionItem,swift_port/UMindSwift/Sources/UMindSwift/UIParity.swift:48
app/src/main/java/com/example/umind/ui/components/ModernDialog.kt:31:ModernDialog,swift_port/UMindSwift/Sources/UMindSwift/UIParity.swift:52
app/src/main/java/com/example/umind/ui/components/ModernDialog.kt:114:InfoDialog,swift_port/UMindSwift/Sources/UMindSwift/UIParity.swift:53
app/src/main/java/com/example/umind/ui/components/ModernDialog.kt:169:LoadingDialog,swift_port/UMindSwift/Sources/UMindSwift/UIParity.swift:54
app/src/main/java/com/example/umind/presentation/focus/FocusListViewModel.kt:32:loadStrategies,swift_port/UMindSwift/Sources/UMindSwift/ViewModels.swift:270
app/src/main/java/com/example/umind/presentation/focus/FocusListViewModel.kt:48:toggleStrategyActive,swift_port/UMindSwift/Sources/UMindSwift/ViewModels.swift:282
app/src/main/java/com/example/umind/presentation/focus/FocusListViewModel.kt:65:deleteStrategy,swift_port/UMindSwift/Sources/UMindSwift/ViewModels.swift:290
app/src/main/java/com/example/umind/data/local/database/FocusDatabase.kt:27:focusStrategyDao,swift_port/UMindSwift/Sources/UMindSwift/DataAccess.swift:517
app/src/main/java/com/example/umind/data/local/database/FocusDatabase.kt:28:focusModeDao,swift_port/UMindSwift/Sources/UMindSwift/DataAccess.swift:518
app/src/main/java/com/example/umind/data/local/database/FocusDatabase.kt:29:usageRecordDao,swift_port/UMindSwift/Sources/UMindSwift/DataAccess.swift:519
app/src/main/java/com/example/umind/data/local/database/FocusDatabase.kt:30:temporaryUsageDao,swift_port/UMindSwift/Sources/UMindSwift/DataAccess.swift:520
app/src/main/java/com/example/umind/data/local/database/FocusDatabase.kt:31:usageSessionDao,swift_port/UMindSwift/Sources/UMindSwift/DataAccess.swift:521
app/src/main/java/com/example/umind/data/local/database/FocusDatabase.kt:32:blockEventDao,swift_port/UMindSwift/Sources/UMindSwift/DataAccess.swift:522
app/src/main/java/com/example/umind/presentation/focus/FocusEditViewModel.kt:40:loadStrategy,swift_port/UMindSwift/Sources/UMindSwift/ViewModels.swift:110
app/src/main/java/com/example/umind/presentation/focus/FocusEditViewModel.kt:73:updateName,swift_port/UMindSwift/Sources/UMindSwift/ViewModels.swift:131
app/src/main/java/com/example/umind/presentation/focus/FocusEditViewModel.kt:77:updateSelectedPackages,swift_port/UMindSwift/Sources/UMindSwift/ViewModels.swift:136
app/src/main/java/com/example/umind/presentation/focus/FocusEditViewModel.kt:85:addTimeRestriction,swift_port/UMindSwift/Sources/UMindSwift/ViewModels.swift:141
app/src/main/java/com/example/umind/presentation/focus/FocusEditViewModel.kt:102:updateTimeRestriction,swift_port/UMindSwift/Sources/UMindSwift/ViewModels.swift:148
app/src/main/java/com/example/umind/presentation/focus/FocusEditViewModel.kt:121:removeTimeRestriction,swift_port/UMindSwift/Sources/UMindSwift/ViewModels.swift:161
app/src/main/java/com/example/umind/presentation/focus/FocusEditViewModel.kt:129:updateUsageLimits,swift_port/UMindSwift/Sources/UMindSwift/ViewModels.swift:166
app/src/main/java/com/example/umind/presentation/focus/FocusEditViewModel.kt:136:setUsageLimitsTotalAll,swift_port/UMindSwift/Sources/UMindSwift/ViewModels.swift:171
app/src/main/java/com/example/umind/presentation/focus/FocusEditViewModel.kt:147:setUsageLimitsPerApp,swift_port/UMindSwift/Sources/UMindSwift/ViewModels.swift:177
app/src/main/java/com/example/umind/presentation/focus/FocusEditViewModel.kt:158:setUsageLimitsIndividual,swift_port/UMindSwift/Sources/UMindSwift/ViewModels.swift:183
app/src/main/java/com/example/umind/presentation/focus/FocusEditViewModel.kt:169:updateOpenCountLimits,swift_port/UMindSwift/Sources/UMindSwift/ViewModels.swift:188
app/src/main/java/com/example/umind/presentation/focus/FocusEditViewModel.kt:176:setOpenCountLimitsTotalAll,swift_port/UMindSwift/Sources/UMindSwift/ViewModels.swift:193
app/src/main/java/com/example/umind/presentation/focus/FocusEditViewModel.kt:186:setOpenCountLimitsPerApp,swift_port/UMindSwift/Sources/UMindSwift/ViewModels.swift:198
app/src/main/java/com/example/umind/presentation/focus/FocusEditViewModel.kt:196:setOpenCountLimitsIndividual,swift_port/UMindSwift/Sources/UMindSwift/ViewModels.swift:203
app/src/main/java/com/example/umind/presentation/focus/FocusEditViewModel.kt:207:updateEnforcementMode,swift_port/UMindSwift/Sources/UMindSwift/ViewModels.swift:208
app/src/main/java/com/example/umind/presentation/focus/FocusEditViewModel.kt:215:updateIsActive,swift_port/UMindSwift/Sources/UMindSwift/ViewModels.swift:213
app/src/main/java/com/example/umind/presentation/focus/FocusEditViewModel.kt:222:saveStrategy,swift_port/UMindSwift/Sources/UMindSwift/ViewModels.swift:218
app/src/main/java/com/example/umind/presentation/focus/FocusEditViewModel.kt:264:clearError,swift_port/UMindSwift/Sources/UMindSwift/ViewModels.swift:245
app/src/main/java/com/example/umind/data/local/entity/FocusStrategyEntity.kt:33:toDomainModel,swift_port/UMindSwift/Sources/UMindSwift/DataEntities.swift:39
app/src/main/java/com/example/umind/data/local/entity/FocusStrategyEntity.kt:83:fromDomainModel,swift_port/UMindSwift/Sources/UMindSwift/DataEntities.swift:54
app/src/main/java/com/example/umind/data/local/entity/FocusStrategyEntity.kt:116:toDomainModel,swift_port/UMindSwift/Sources/UMindSwift/DataEntities.swift:39
app/src/main/java/com/example/umind/data/local/entity/FocusStrategyEntity.kt:128:fromDomainModel,swift_port/UMindSwift/Sources/UMindSwift/DataEntities.swift:54
app/src/main/java/com/example/umind/data/local/entity/FocusStrategyEntity.kt:148:toDomainModel,swift_port/UMindSwift/Sources/UMindSwift/DataEntities.swift:39
app/src/main/java/com/example/umind/data/local/entity/FocusStrategyEntity.kt:158:fromDomainModel,swift_port/UMindSwift/Sources/UMindSwift/DataEntities.swift:54
app/src/main/java/com/example/umind/data/local/entity/FocusStrategyEntity.kt:176:toDomainModel,swift_port/UMindSwift/Sources/UMindSwift/DataEntities.swift:39
app/src/main/java/com/example/umind/data/local/entity/FocusStrategyEntity.kt:186:fromDomainModel,swift_port/UMindSwift/Sources/UMindSwift/DataEntities.swift:54
app/src/main/java/com/example/umind/data/repository/FocusRepositoryImpl.kt:41:getFocusStrategiesFlow,swift_port/UMindSwift/Sources/UMindSwift/Repositories.swift:4
app/src/main/java/com/example/umind/data/repository/FocusRepositoryImpl.kt:47:getFocusStrategies,swift_port/UMindSwift/Sources/UMindSwift/Repositories.swift:5
app/src/main/java/com/example/umind/data/repository/FocusRepositoryImpl.kt:57:getFocusStrategyById,swift_port/UMindSwift/Sources/UMindSwift/Repositories.swift:6
app/src/main/java/com/example/umind/data/repository/FocusRepositoryImpl.kt:66:getActiveStrategy,swift_port/UMindSwift/Sources/UMindSwift/DataAccess.swift:54
app/src/main/java/com/example/umind/data/repository/FocusRepositoryImpl.kt:75:saveFocusStrategy,swift_port/UMindSwift/Sources/UMindSwift/Repositories.swift:8
app/src/main/java/com/example/umind/data/repository/FocusRepositoryImpl.kt:87:deleteFocusStrategy,swift_port/UMindSwift/Sources/UMindSwift/Repositories.swift:9
app/src/main/java/com/example/umind/data/repository/FocusRepositoryImpl.kt:96:setStrategyActive,swift_port/UMindSwift/Sources/UMindSwift/DataAccess.swift:59
app/src/main/java/com/example/umind/data/repository/FocusRepositoryImpl.kt:105:getInstalledApps,swift_port/UMindSwift/Sources/UMindSwift/Repositories.swift:11
app/src/main/java/com/example/umind/data/repository/FocusRepositoryImpl.kt:126:refreshInstalledApps,swift_port/UMindSwift/Sources/UMindSwift/Repositories.swift:125
app/src/main/java/com/example/umind/data/repository/FocusRepositoryImpl.kt:138:preloadInstalledApps,swift_port/UMindSwift/Sources/UMindSwift/Repositories.swift:129
app/src/main/java/com/example/umind/data/repository/FocusRepositoryImpl.kt:142:loadInstalledApps,swift_port/UMindSwift/Sources/UMindSwift/ViewModels.swift:391
app/src/main/java/com/example/umind/data/repository/FocusRepositoryImpl.kt:226:shouldBlockPackage,swift_port/UMindSwift/Sources/UMindSwift/Repositories.swift:12
app/src/main/java/com/example/umind/data/repository/FocusRepositoryImpl.kt:265:checkUsageLimits,swift_port/UMindSwift/Sources/UMindSwift/Repositories.swift:170
app/src/main/java/com/example/umind/data/repository/FocusRepositoryImpl.kt:298:checkOpenCountLimits,swift_port/UMindSwift/Sources/UMindSwift/Repositories.swift:190
app/src/main/java/com/example/umind/data/repository/FocusRepositoryImpl.kt:328:getBlockInfo,swift_port/UMindSwift/Sources/UMindSwift/BlockingEngine.swift:48
app/src/main/java/com/example/umind/presentation/focus/AppSelectionScreen.kt:27:AppSelectionScreen,swift_port/UMindSwift/Sources/UMindSwift/UIParity.swift:44
app/src/main/java/com/example/umind/presentation/focus/AppSelectionScreen.kt:164:AppSelectionItem,swift_port/UMindSwift/Sources/UMindSwift/UIParity.swift:45
app/src/main/java/com/example/umind/data/repository/UsageTrackingRepository.kt:18:recordUsage,swift_port/UMindSwift/Sources/UMindSwift/Repositories.swift:335
app/src/main/java/com/example/umind/data/repository/UsageTrackingRepository.kt:42:recordAppOpen,swift_port/UMindSwift/Sources/UMindSwift/Repositories.swift:352
app/src/main/java/com/example/umind/data/repository/UsageTrackingRepository.kt:71:getUsageDuration,swift_port/UMindSwift/Sources/UMindSwift/Repositories.swift:369
app/src/main/java/com/example/umind/data/repository/UsageTrackingRepository.kt:78:getOpenCount,swift_port/UMindSwift/Sources/UMindSwift/Repositories.swift:373
app/src/main/java/com/example/umind/data/repository/UsageTrackingRepository.kt:87:getUsageDurationInRange,swift_port/UMindSwift/Sources/UMindSwift/Repositories.swift:377
app/src/main/java/com/example/umind/data/repository/UsageTrackingRepository.kt:95:getOpenCountInRange,swift_port/UMindSwift/Sources/UMindSwift/Repositories.swift:382
app/src/main/java/com/example/umind/data/repository/UsageTrackingRepository.kt:103:getTotalUsageDurationInRange,swift_port/UMindSwift/Sources/UMindSwift/Repositories.swift:387
app/src/main/java/com/example/umind/data/repository/UsageTrackingRepository.kt:111:getTotalOpenCountInRange,swift_port/UMindSwift/Sources/UMindSwift/Repositories.swift:392
app/src/main/java/com/example/umind/data/repository/UsageTrackingRepository.kt:119:cleanupOldRecords,swift_port/UMindSwift/Sources/UMindSwift/Repositories.swift:397
app/src/main/java/com/example/umind/data/repository/UsageTrackingRepository.kt:127:getUsageRecordFlow,swift_port/UMindSwift/Sources/UMindSwift/DataAccess.swift:74
app/src/main/java/com/example/umind/data/repository/UsageTrackingRepository.kt:134:clearTodayRecords,swift_port/UMindSwift/Sources/UMindSwift/ViewModels.swift:487
app/src/main/java/com/example/umind/data/repository/UsageTrackingRepository.kt:143:clearAllRecords,swift_port/UMindSwift/Sources/UMindSwift/ViewModels.swift:493
app/src/main/java/com/example/umind/data/repository/UsageTrackingRepository.kt:151:getTodayRecords,swift_port/UMindSwift/Sources/UMindSwift/Repositories.swift:414
app/src/main/java/com/example/umind/data/repository/UsageTrackingRepository.kt:159:getUsageRecordsForDateFlow,swift_port/UMindSwift/Sources/UMindSwift/DataAccess.swift:81
app/src/main/java/com/example/umind/data/repository/UsageTrackingRepository.kt:166:getTotalUsageDurationForDate,swift_port/UMindSwift/Sources/UMindSwift/DataAccess.swift:82
app/src/main/java/com/example/umind/data/repository/UsageTrackingRepository.kt:173:getTotalOpenCountForDate,swift_port/UMindSwift/Sources/UMindSwift/DataAccess.swift:83
app/src/main/java/com/example/umind/data/repository/UsageTrackingRepository.kt:180:getUsageRecordsInRangeFlow,swift_port/UMindSwift/Sources/UMindSwift/DataAccess.swift:84
app/src/main/java/com/example/umind/data/repository/UsageTrackingRepository.kt:187:getUsageRecordsForDate,swift_port/UMindSwift/Sources/UMindSwift/DataAccess.swift:75
app/src/main/java/com/example/umind/data/repository/UsageTrackingRepository.kt:194:getUsageRecordsInRange,swift_port/UMindSwift/Sources/UMindSwift/DataAccess.swift:76
app/src/main/java/com/example/umind/ui/components/FocusModeDialogs.kt:24:CountdownSelectorDialog,swift_port/UMindSwift/Sources/UMindSwift/UIParity.swift:55
app/src/main/java/com/example/umind/ui/components/FocusModeDialogs.kt:170:AppSelectorDialog,swift_port/UMindSwift/Sources/UMindSwift/UIParity.swift:56
app/src/main/java/com/example/umind/presentation/focus/AppSelectionViewModel.kt:32:loadApps,swift_port/UMindSwift/Sources/UMindSwift/ViewModels.swift:310
app/src/main/java/com/example/umind/presentation/focus/AppSelectionViewModel.kt:58:updateSearchQuery,swift_port/UMindSwift/Sources/UMindSwift/ViewModels.swift:327
app/src/main/java/com/example/umind/presentation/focus/AppSelectionViewModel.kt:63:filterApps,swift_port/UMindSwift/Sources/UMindSwift/ViewModels.swift:332
app/src/main/java/com/example/umind/presentation/focus/AppSelectionViewModel.kt:75:toggleAppSelection,swift_port/UMindSwift/Sources/UMindSwift/ViewModels.swift:345
app/src/main/java/com/example/umind/presentation/focus/AppSelectionViewModel.kt:85:setInitialSelection,swift_port/UMindSwift/Sources/UMindSwift/ViewModels.swift:353
app/src/main/java/com/example/umind/presentation/focus/AppSelectionViewModel.kt:89:clearError,swift_port/UMindSwift/Sources/UMindSwift/ViewModels.swift:245
app/src/main/java/com/example/umind/data/local/entity/TemporaryUsageEntity.kt:24:toDomainModel,swift_port/UMindSwift/Sources/UMindSwift/DataEntities.swift:39
app/src/main/java/com/example/umind/data/local/entity/TemporaryUsageEntity.kt:40:fromDomainModel,swift_port/UMindSwift/Sources/UMindSwift/DataEntities.swift:54
app/src/main/java/com/example/umind/domain/model/OpenCountLimits.kt:16:getLimitFor,swift_port/UMindSwift/Sources/UMindSwift/DomainModels.swift:127
app/src/main/java/com/example/umind/domain/model/OpenCountLimits.kt:27:isValid,swift_port/UMindSwift/Sources/UMindSwift/DomainModels.swift:135
app/src/main/java/com/example/umind/presentation/focus/FocusListScreen.kt:28:FocusListScreen,swift_port/UMindSwift/Sources/UMindSwift/UIParity.swift:27
app/src/main/java/com/example/umind/presentation/focus/FocusListScreen.kt:100:EmptyStateCard,swift_port/UMindSwift/Sources/UMindSwift/UIParity.swift:42
app/src/main/java/com/example/umind/presentation/focus/FocusListScreen.kt:135:ErrorCard,swift_port/UMindSwift/Sources/UMindSwift/UIParity.swift:16
app/src/main/java/com/example/umind/presentation/focus/FocusListScreen.kt:165:FocusStrategyCard,swift_port/UMindSwift/Sources/UMindSwift/UIParity.swift:41
app/src/main/java/com/example/umind/domain/model/Result.kt:20:getOrNull,swift_port/UMindSwift/Sources/UMindSwift/DomainModels.swift:547
app/src/main/java/com/example/umind/domain/model/Result.kt:25:exceptionOrNull,swift_port/UMindSwift/Sources/UMindSwift/DomainModels.swift:552
app/src/main/java/com/example/umind/domain/repository/FocusRepository.kt:17:getFocusStrategiesFlow,swift_port/UMindSwift/Sources/UMindSwift/Repositories.swift:4
app/src/main/java/com/example/umind/domain/repository/FocusRepository.kt:22:getFocusStrategies,swift_port/UMindSwift/Sources/UMindSwift/Repositories.swift:5
app/src/main/java/com/example/umind/domain/repository/FocusRepository.kt:27:getFocusStrategyById,swift_port/UMindSwift/Sources/UMindSwift/Repositories.swift:6
app/src/main/java/com/example/umind/domain/repository/FocusRepository.kt:32:getActiveStrategy,swift_port/UMindSwift/Sources/UMindSwift/DataAccess.swift:54
app/src/main/java/com/example/umind/domain/repository/FocusRepository.kt:37:saveFocusStrategy,swift_port/UMindSwift/Sources/UMindSwift/Repositories.swift:8
app/src/main/java/com/example/umind/domain/repository/FocusRepository.kt:42:deleteFocusStrategy,swift_port/UMindSwift/Sources/UMindSwift/Repositories.swift:9
app/src/main/java/com/example/umind/domain/repository/FocusRepository.kt:47:setStrategyActive,swift_port/UMindSwift/Sources/UMindSwift/DataAccess.swift:59
app/src/main/java/com/example/umind/domain/repository/FocusRepository.kt:52:getInstalledApps,swift_port/UMindSwift/Sources/UMindSwift/Repositories.swift:11
app/src/main/java/com/example/umind/domain/repository/FocusRepository.kt:57:shouldBlockPackage,swift_port/UMindSwift/Sources/UMindSwift/Repositories.swift:12
app/src/main/java/com/example/umind/domain/repository/FocusRepository.kt:62:getBlockInfo,swift_port/UMindSwift/Sources/UMindSwift/BlockingEngine.swift:48
app/src/main/java/com/example/umind/presentation/focus/FocusEditScreen.kt:28:FocusEditScreen,swift_port/UMindSwift/Sources/UMindSwift/UIParity.swift:28
app/src/main/java/com/example/umind/presentation/focus/FocusEditScreen.kt:211:TimeRestrictionsSection,swift_port/UMindSwift/Sources/UMindSwift/UIParity.swift:29
app/src/main/java/com/example/umind/presentation/focus/FocusEditScreen.kt:326:AddTimeRestrictionDialog,swift_port/UMindSwift/Sources/UMindSwift/UIParity.swift:30
app/src/main/java/com/example/umind/presentation/focus/FocusEditScreen.kt:401:DayOfWeekSelector,swift_port/UMindSwift/Sources/UMindSwift/UIParity.swift:31
app/src/main/java/com/example/umind/presentation/focus/FocusEditScreen.kt:438:TimeSelector,swift_port/UMindSwift/Sources/UMindSwift/UIParity.swift:32
app/src/main/java/com/example/umind/presentation/focus/FocusEditScreen.kt:478:UsageLimitsSection,swift_port/UMindSwift/Sources/UMindSwift/UIParity.swift:33
app/src/main/java/com/example/umind/presentation/focus/FocusEditScreen.kt:655:UsageLimitsDialog,swift_port/UMindSwift/Sources/UMindSwift/UIParity.swift:34
app/src/main/java/com/example/umind/presentation/focus/FocusEditScreen.kt:730:RadioButton,swift_port/UMindSwift/Sources/UMindSwift/UIParity.swift:35
app/src/main/java/com/example/umind/presentation/focus/FocusEditScreen.kt:752:OpenCountLimitsSection,swift_port/UMindSwift/Sources/UMindSwift/UIParity.swift:36
app/src/main/java/com/example/umind/presentation/focus/FocusEditScreen.kt:929:OpenCountLimitsDialog,swift_port/UMindSwift/Sources/UMindSwift/UIParity.swift:37
app/src/main/java/com/example/umind/presentation/focus/FocusEditScreen.kt:991:EnforcementModeSection,swift_port/UMindSwift/Sources/UMindSwift/UIParity.swift:38
app/src/main/java/com/example/umind/presentation/focus/FocusEditScreen.kt:1076:IndividualUsageLimitsDialog,swift_port/UMindSwift/Sources/UMindSwift/UIParity.swift:39
app/src/main/java/com/example/umind/presentation/focus/FocusEditScreen.kt:1190:IndividualOpenCountLimitsDialog,swift_port/UMindSwift/Sources/UMindSwift/UIParity.swift:40
app/src/main/java/com/example/umind/domain/model/UsageLimits.kt:28:getLimitFor,swift_port/UMindSwift/Sources/UMindSwift/DomainModels.swift:127
app/src/main/java/com/example/umind/domain/model/UsageLimits.kt:39:isValid,swift_port/UMindSwift/Sources/UMindSwift/DomainModels.swift:135
app/src/main/java/com/example/umind/domain/model/FocusMode.kt:28:isAppAllowed,swift_port/UMindSwift/Sources/UMindSwift/DomainModels.swift:302
app/src/main/java/com/example/umind/domain/model/FocusMode.kt:35:shouldBeActive,swift_port/UMindSwift/Sources/UMindSwift/DomainModels.swift:306
app/src/main/java/com/example/umind/domain/model/FocusMode.kt:56:getRemainingMinutes,swift_port/UMindSwift/Sources/UMindSwift/DomainModels.swift:319
app/src/main/java/com/example/umind/domain/model/FocusMode.kt:71:getSummary,swift_port/UMindSwift/Sources/UMindSwift/DomainModels.swift:325
app/src/main/java/com/example/umind/domain/model/TemporaryUsage.kt:22:isValid,swift_port/UMindSwift/Sources/UMindSwift/DomainModels.swift:135
app/src/main/java/com/example/umind/domain/model/TemporaryUsage.kt:30:getRemainingTimeMillis,swift_port/UMindSwift/Sources/UMindSwift/DomainModels.swift:379
app/src/main/java/com/example/umind/service/BlockingEngine.kt:98:getBlockInfo,swift_port/UMindSwift/Sources/UMindSwift/BlockingEngine.swift:48
app/src/main/java/com/example/umind/service/BlockingEngine.kt:125:isSystemWhitelistedApp,swift_port/UMindSwift/Sources/UMindSwift/BlockingEngine.swift:60
app/src/main/java/com/example/umind/service/BlockingEngine.kt:135:checkFocusMode,swift_port/UMindSwift/Sources/UMindSwift/BlockingEngine.swift:64
app/src/main/java/com/example/umind/service/BlockingEngine.kt:162:checkDailyManagement,swift_port/UMindSwift/Sources/UMindSwift/BlockingEngine.swift:82
app/src/main/java/com/example/umind/service/BlockingEngine.kt:238:mergeStrategies,swift_port/UMindSwift/Sources/UMindSwift/BlockingEngine.swift:113
app/src/main/java/com/example/umind/service/BlockingEngine.kt:293:checkAllRestrictions,swift_port/UMindSwift/Sources/UMindSwift/BlockingEngine.swift:146
app/src/main/java/com/example/umind/service/BlockingEngine.kt:385:calculateUsageInfo,swift_port/UMindSwift/Sources/UMindSwift/BlockingEngine.swift:211
